Id,SupplierId,BolRef,Value,EAN,Type,Start Date,End Date
5549848391338120894,PR-63159,VPO96315,4.35,660157425,percent,2018-12-05,2019-03-10
7838984408253091554,PL-37940,VCR21980,8.07,689347612,percent,2018-12-03,2019-04-02
316879168568298610,PL-37940,VKE20479,8.77,94378672,fixed,2018-12-06,2019-03-01
6579612668652973972,PL-37940,VKI48841,1.22,1575658914,fixed,2018-11-28,2019-02-27
5299915767767505676,PL-37940,VFA61276,4.75,2068966529,percent,2018-11-27,2019-03-20
6858923270543470389,PL-37940,VGA81001,2.28,1968594382,fixed,2018-12-08,2019-05-02
7195359022116037826,PL-37940,VKI50904,5.84,1687982635,percent,2018-12-03,2019-03-23
1128096438210900410,PL-37940,VPO12059,4.23,1792868958,fixed,2018-12-06,2019-03-17
5208194730385139564,PL-37940,VNE53583,6.07,419059825,fixed,2018-12-03,2019-03-04
5614874734897186801,24-51938,VWE28298,6.53,619480367,percent,2018-12-05,2019-04-06
6343351326247238335,24-51938,VFR98475,2.96,1927231261,percent,2018-12-06,2019-04-18
5378534378251028739,HA-88491,VLE38879,5.16,209735566,fixed,2018-11-26,2019-03-10
4005427504294413058,HA-88491,VPI17125,3.73,646167899,percent,2018-12-07,2019-03-19
1226188854286263405,HA-88491,VCL34171,2.44,663353736,percent,2018-12-05,2019-02-07
2717769530590202504,CA-99237,VPI73469,6.39,635986083,percent,2018-12-03,2019-03-19
5716794264092632805,CA-99237,VOF75049,1.80,332561133,percent,2018-11-29,2019-02-15
1760369141253883324,CA-99237,VAC89487,6.53,1449123939,fixed,2018-12-05,2019-02-27
1505636468028350001,CA-99237,VSE67942,1.71,917869245,percent,2018-12-08,2019-03-20
3691983084968560431,CA-99237,VRE65228,2.66,1565649796,percent,2018-12-02,2019-02-24
8180809893526489227,ME-12982,VPO26044,6.19,760849731,percent,2018-12-01,2019-02-09
7642564720138019439,ME-12982,VTR95017,3.29,334990861,fixed,2018-11-26,2019-02-14
1330790597706084894,ME-12982,VPO30112,1.24,721190794,fixed,2018-12-05,2019-04-04
1304935524350929861,ME-12982,VPI57414,4.99,1552673959,percent,2018-12-03,2019-04-24
817606491181642896,ME-12982,VAE58966,3.67,1278566011,percent,2018-11-30,2019-04-15
8171424408079256750,ME-12982,VTU58823,4.34,1406669204,percent,2018-12-07,2019-03-09
7907368878564447356,ME-12982,VBA11825,1.00,1049368565,percent,2018-12-05,2019-02-04
713747512309842298,FO-80884,VSW24027,5.30,602088421,fixed,2018-11-27,2019-01-27
1867112924179407594,FO-80884,VML45055,5.52,1733602900,percent,2018-11-29,2019-03-16
1961480198157331418,FO-80884,VHE28613,8.24,1031972953,percent,2018-12-02,2019-02-13
4779676921524468562,FO-80884,VPO79040,8.08,367558002,fixed,2018-12-06,2019-03-07
8208062638671444544,FO-80884,VIR76022,8.40,1741935170,percent,2018-11-29,2019-01-31
970488038432370410,FO-80884,VCR59484,4.58,358623003,percent,2018-11-28,2019-03-18
7670474083446758709,FO-80884,VMI99401,1.92,1456517066,percent,2018-12-07,2019-03-13
2858100513044410370,FO-80884,VIR80512,4.96,1442396131,percent,2018-11-28,2019-04-14
6375054664054924610,KN-82359,VVI10808,4.99,1600040084,percent,2018-12-05,2019-03-14
4374299464080155076,KN-82359,VPI38848,3.38,1793104774,fixed,2018-12-08,2019-02-16
6474568813210697459,KN-82359,VVI85862,1.08,1018227949,fixed,2018-12-04,2019-04-20
6595944545566517164,KN-82359,VPL96717,6.83,953038267,percent,2018-11-28,2019-02-25
6435378459891489036,KN-82359,VCH63186,3.38,1619758524,percent,2018-12-01,2019-03-22
2776860117304924465,KN-82359,VTH12022,5.15,1498920393,percent,2018-12-01,2019-03-01
744106501729014628,KN-82359,VBE40861,2.67,755191523,fixed,2018-12-09,2019-03-29
6394357738137389370,FE-38153,VRA41375,8.94,2046140998,percent,2018-12-01,2019-04-01
5038935382880850975,FE-38153,VPB99306,6.90,1285220391,fixed,2018-12-07,2019-04-28
3090905173404395190,FE-38153,VHO49818,8.76,850869132,percent,2018-12-02,2019-03-21
4623039650806050510,FE-38153,VPA51300,6.85,49659070,fixed,2018-12-03,2019-04-04
7303779615378050595,FE-38153,VCO67680,2.88,1440000293,percent,2018-12-07,2019-04-15
5834249893196109159,PI-20854,VWH65931,1.84,1400298351,fixed,2018-11-27,2019-03-02
3041337107875325623,PI-20854,VCH90247,7.03,1204130601,percent,2018-12-06,2019-03-06
4900619944818946323,PI-20854,VLO95166,5.17,1512911992,percent,2018-12-07,2019-02-28
5416323209703819169,PI-20854,VOC12517,5.30,1139044483,percent,2018-11-27,2019-03-22
3981755419309593111,PI-20854,VPO86770,2.08,965961530,percent,2018-12-04,2019-05-03
6412292429403204258,FR-53729,VMA72618,5.43,1840793877,fixed,2018-12-07,2019-04-13
4513320343557610804,FR-53729,VMI78624,7.30,1347491564,percent,2018-12-09,2019-03-26
5244050265000375899,FR-53729,VVI47484,1.81,80349078,percent,2018-12-03,2019-02-01
8693706959450688561,FR-53729,VBR72085,8.99,1689207530,fixed,2018-11-27,2019-03-07
1039171302711734549,FR-53729,VVI47171,5.86,2105885677,percent,2018-11-29,2019-02-18
8807330720462210587,FR-53729,VCA56421,3.38,136650683,fixed,2018-11-26,2019-02-26
3966643167026355893,FR-53729,VCR10607,6.71,623385629,fixed,2018-12-03,2019-04-28
4441847957967421306,FR-53729,VPO26814,7.16,2043313546,percent,2018-12-08,2019-02-24
3228402480638692669,AP-11773,VSK50066,1.86,2098786660,percent,2018-12-04,2019-02-08
6217597404756472667,AP-11773,VEC78719,3.84,774522404,fixed,2018-12-06,2019-02-07
1058817193858824683,AP-11773,VNE93298,4.90,1727179620,percent,2018-12-02,2019-04-16
7663736959017425777,AP-11773,VMI73845,1.23,1932613928,fixed,2018-12-01,2019-04-06
6484403147242010119,AP-11773,VLE32235,6.65,107867932,percent,2018-12-02,2019-03-18
6789980907317714448,AP-11773,VAU83666,7.59,931902732,fixed,2018-11-27,2019-02-09
3637204832694727405,YO-77344,VBL49381,8.23,1904015869,percent,2018-12-02,2019-02-19
3966285503775156169,YO-77344,VHU15730,3.07,531449765,percent,2018-11-27,2019-02-09
68980852013184433,YO-77344,VWA72406,8.91,1508458717,percent,2018-11-27,2019-02-08
8114117894422305857,CR-95520,VCO40610,2.58,1373026105,fixed,2018-12-02,2019-03-08
6953129894278271386,PH-89318,VSH19020,4.69,239723680,fixed,2018-12-04,2019-02-09
7119676212272568674,PH-89318,VTR64492,8.23,2009239568,percent,2018-12-06,2019-04-03
3951326568040002862,PH-89318,VME84055,5.20,969454805,fixed,2018-11-30,2019-01-29
1571097565776348320,PH-89318,VMU83992,7.50,725852516,percent,2018-11-28,2019-02-23
4944078039421046373,PH-89318,VCH75945,1.49,2013929442,percent,2018-11-29,2019-03-28
4911775034705165521,PH-89318,VIN75499,5.21,1596607969,percent,2018-11-26,2019-04-11
3577612134584895267,PR-47253,VCO70192,3.06,345258623,percent,2018-12-02,2019-04-17
3441797182159795006,PR-47253,VCH36324,6.39,63980997,percent,2018-12-07,2019-02-20
8778774934098085516,PR-47253,VYO82608,7.27,1731477588,fixed,2018-12-01,2019-03-11
233845361284454622,SE-69198,VVI43343,2.53,788934598,percent,2018-12-02,2019-03-24
8214630152362423415,SE-69198,VBI20264,4.27,1306354743,percent,2018-12-07,2019-04-08
3666132981088455418,SE-69198,VYU11221,8.22,1391919862,percent,2018-12-02,2019-04-19
3416790441453318421,SE-69198,VSI17416,6.10,2044997306,percent,2018-12-04,2019-02-03
466892180501769651,SE-25882,VDI47960,7.90,877217361,fixed,2018-12-05,2019-04-28
3397345177205168602,SE-25882,VPA80660,4.28,1001210356,percent,2018-11-26,2019-03-23
7666968880627480783,SE-25882,VFI60279,7.44,887480876,fixed,2018-12-09,2019-03-29
2554399919853544326,SE-25882,VTW48411,7.20,627514389,percent,2018-11-29,2019-04-16
3578394497684029472,VE-62756,VME55414,6.88,48431991,fixed,2018-12-02,2019-03-18
172528644761472988,KI-45142,VWI48330,1.36,929805445,percent,2018-12-05,2019-04-15
890441495698653565,KI-45142,VPI87291,5.84,971927288,fixed,2018-12-07,2019-02-28
3292074278529036388,CO-38389,VET78395,7.54,2130676977,fixed,2018-11-26,2019-02-20
6423676335189284700,CO-38389,VKI19782,1.47,1736292061,percent,2018-12-03,2019-03-02
696642148344293983,CO-38389,VCO72911,1.91,101186223,fixed,2018-12-01,2019-03-06
6969224157224900982,CO-38389,VME59224,8.31,890857232,percent,2018-11-29,2019-03-14
4447717199769259241,CO-38389,VCH62905,3.24,848962930,percent,2018-12-04,2019-04-27
9014552655996801948,KO-63839,VPO34941,4.21,1518788850,percent,2018-12-03,2019-03-25
6618264619538431658,KO-63839,VRA88798,3.40,925598271,percent,2018-12-04,2019-03-18
2613367421523965003,KO-63839,VRE55435,4.67,1037049189,percent,2018-11-30,2019-04-05
4923099083977053697,KO-63839,VPO67798,6.44,459854242,percent,2018-11-27,2019-02-16
3873526098210582375,KO-63839,VAU28777,2.56,614096025,fixed,2018-11-30,2019-02-07
5520412437376968445,SO-61365,VWI99979,7.55,1834156362,percent,2018-12-04,2019-02-26
6182563848706181963,AP-18030,VTO98163,4.91,1942269971,percent,2018-12-02,2019-02-14
2166053097541395434,AP-18030,VLO59123,7.02,583984180,fixed,2018-12-01,2019-04-22
4789524524632327775,AP-18030,VHA18343,6.23,822000057,fixed,2018-12-09,2019-04-22
888427773039023448,AP-18030,VNA28322,7.86,1584371175,percent,2018-12-05,2019-03-27
2363393944078840856,GO-37892,VVE75231,2.58,673363072,percent,2018-12-04,2019-02-08
5329777678284316224,GO-37892,VSA41888,3.27,539341605,percent,2018-12-04,2019-03-29
6752251452298564880,GO-37892,VRE33577,2.72,419316474,percent,2018-12-08,2019-03-10
7213591740053199773,GO-37892,VHE80376,4.28,2048194588,percent,2018-12-06,2019-02-04
8347673942238689443,GO-37892,VBL79809,1.65,1346130671,percent,2018-12-05,2019-02-05
1350851119668070769,GO-37892,VBR43265,4.47,931795468,percent,2018-12-04,2019-04-18
8183901818038972901,GO-37892,VFL11716,3.51,1994111694,fixed,2018-11-30,2019-03-22
5887675066179927461,MO-94459,V9033592,6.56,51554353,percent,2018-11-29,2019-04-14
1207350866333274670,BU-80388,VPO23536,8.98,333860866,percent,2018-12-08,2019-04-09
4838700826991689282,MA-23892,VOF65140,1.21,1397929100,percent,2018-12-02,2019-02-20
4211248613989454784,MA-23892,VHO28254,5.81,1799909436,fixed,2018-12-05,2019-02-10
3044497565889263658,MA-23892,VGO39894,3.14,1485206580,fixed,2018-12-05,2019-02-07
7564102900386485318,MA-23892,VWE71345,2.50,1803775241,percent,2018-11-29,2019-04-18
6166710034139717088,MA-23892,VBA56379,3.32,328165327,percent,2018-11-29,2019-02-16
4017425363056298538,PR-36552,VDR89379,7.25,177906101,percent,2018-11-29,2019-03-17
4669151543659530144,PR-36552,VPO10411,1.81,1081688826,fixed,2018-12-03,2019-04-09
4916785032221844195,PR-36552,VHA87389,3.28,1798617998,fixed,2018-12-03,2019-04-04
4147135160481500288,PR-36552,VSM76838,8.02,617081432,fixed,2018-12-01,2019-03-29
3878602797114088597,AR-42838,VKO66971,8.46,1702666677,percent,2018-12-01,2019-04-07
473903870629786997,AR-42838,VWA39232,7.17,232493993,percent,2018-12-05,2019-02-16
7387575639802198928,AR-42838,VDI81633,5.81,1736033838,percent,2018-12-02,2019-03-02
9129007871119279387,AR-42838,VPO90846,2.75,1431552912,percent,2018-12-06,2019-04-21
997742061542162443,AR-42838,VTO14053,1.02,610406859,fixed,2018-12-06,2019-02-15
8281170000266160769,AR-42838,VRA23657,2.79,86262621,fixed,2018-12-05,2019-04-10
1505213235884235736,CL-68065,VSR12549,2.74,608289844,percent,2018-11-30,2019-02-06
8374813643522499297,CL-68065,VPI11262,7.93,703565318,percent,2018-12-08,2019-04-14
761128440039059301,CL-68065,VPU66763,7.84,216413289,percent,2018-11-26,2019-04-18
1582294970974810508,CL-68065,VLI24748,1.11,140177966,percent,2018-12-06,2019-03-08
5197945122183425859,CL-68065,VVI92608,3.14,1032801113,fixed,2018-12-01,2019-02-15
4098276371188356673,CL-68065,VAE12611,2.85,987166376,fixed,2018-12-09,2019-04-19
3964750346387965870,TA-87784,VCH76320,5.96,2002874759,percent,2018-11-29,2019-02-15
1036557278060692529,TA-87784,VGO10240,2.97,1351652766,percent,2018-12-04,2019-03-15
4297559883010436308,TA-87784,VVH39443,6.04,782372709,fixed,2018-11-26,2019-04-22
724732419507035447,AL-82460,VCR30427,6.43,761605509,percent,2018-11-30,2019-03-27
5919970156676960102,AL-82460,VVH31588,4.25,1499401732,percent,2018-12-02,2019-04-28
2585597028388195292,AL-82460,VDR23806,4.91,1949454136,percent,2018-11-29,2019-03-22
1555611043956175447,AL-82460,VHU31087,8.80,596069297,percent,2018-12-03,2019-02-07
16570267589309903,AL-82460,VBA73806,7.66,2034148241,fixed,2018-12-05,2019-02-10
1302521306488649455,BE-73376,VNE55840,2.28,121935235,fixed,2018-12-08,2019-03-26
7434563918551672401,BE-73376,VNE38726,4.50,2145657734,percent,2018-11-30,2019-03-09
764043035015755844,BE-73376,VFA35532,7.21,772236300,fixed,2018-11-30,2019-04-15
4692544140509708914,BE-73376,VBI96280,1.78,1546141986,fixed,2018-11-26,2019-04-15
2875006648609108166,BE-73376,VAR30669,8.11,861105015,fixed,2018-11-26,2019-04-23
2216010452649991690,BE-73376,VLE56050,5.13,1422941872,fixed,2018-12-06,2019-02-22
7258594884021220397,BE-73376,VYR78784,2.30,457447669,fixed,2018-12-01,2019-04-16
4120963900039829017,PI-91449,VGR82092,2.24,1064031635,percent,2018-12-02,2019-02-12
369317252402944703,PI-91449,VAS75428,5.82,1562655363,percent,2018-12-03,2019-03-29
7051884543814809839,PI-91449,VVI98159,1.11,1871788272,percent,2018-12-05,2019-03-29
1897973472246521379,PI-91449,VWO62684,3.41,1284903432,fixed,2018-12-08,2019-03-25
6403620542456582703,NO-83777,VLE78003,6.21,818643451,percent,2018-12-09,2019-02-13
3214355758408598658,NO-83777,VVI63848,1.51,1795582542,percent,2018-12-02,2019-04-21
2980159766950922006,NO-83777,VKO55617,3.33,1262777937,percent,2018-12-07,2019-03-24
5760059667726896634,NO-83777,VBA36844,6.33,577982526,percent,2018-12-04,2019-02-26
6682935601317372344,NO-83777,VPL78452,5.48,92389374,percent,2018-12-09,2019-04-28
922794459216553736,CA-33146,VSL31388,6.49,873696840,percent,2018-12-01,2019-04-28
8042000844421275863,NO-93810,VEN72606,8.21,1572189574,percent,2018-11-28,2019-02-15
2816391288651132129,NO-93810,VSM44520,3.79,1811058234,percent,2018-12-09,2019-05-01
8955466386948125199,NO-93810,VPO58403,5.22,2146590004,fixed,2018-12-05,2019-04-09
5789685659099597409,NO-93810,VLE65884,5.40,1323706992,fixed,2018-12-08,2019-05-06
4501306829928318655,NO-93810,VFR70122,3.31,1365852818,percent,2018-12-07,2019-04-15
1895481789440034053,NO-93810,VKO72084,1.33,113444122,percent,2018-12-04,2019-02-08
3827526297509318097,NO-93810,VBI74267,6.40,271925912,percent,2018-11-26,2019-02-26
4617107431879297778,NO-93810,VSU14480,7.51,409302887,fixed,2018-12-09,2019-03-20
1994185696220792746,BA-65443,VCR22631,3.83,161636108,percent,2018-12-05,2019-02-03
6296345144513892667,BA-65443,VCH28255,6.95,148762394,fixed,2018-12-02,2019-04-01
5673680442940380527,BA-65443,VWE63259,3.26,2052458142,fixed,2018-12-08,2019-02-15
469419243029460968,PH-43814,VFA35922,3.74,1323687273,percent,2018-12-05,2019-04-09
7969855774148446699,PH-43814,VAU34102,6.78,1181337102,percent,2018-11-26,2019-04-02
1646175650839796767,PH-43814,VWO42195,7.02,608245445,percent,2018-12-09,2019-03-08
3053208792486440525,PH-43814,VFI71085,1.78,1659231239,fixed,2018-12-06,2019-04-04
465265533015612179,PH-43814,VDI44570,1.64,567871918,percent,2018-12-03,2019-04-02
181541048249308656,LO-20556,VTA38909,8.58,4233328,fixed,2018-12-04,2019-02-08
4490829712978296246,CO-83562,VPO68918,7.84,1637564315,fixed,2018-12-01,2019-02-12
3083032995878668716,CO-83562,VVI77193,5.42,2020864686,percent,2018-12-09,2019-04-22
3736261602549838894,CO-83562,VSQ41437,3.61,1819572762,fixed,2018-11-26,2019-02-18
2736801461135935812,HE-70256,V+118204,2.85,550519746,percent,2018-12-03,2019-04-11
3009479872435712341,HE-70256,VFI34306,7.12,261317708,percent,2018-12-07,2019-03-01
5098366187363137977,HE-70256,VGA67333,3.39,1691486897,fixed,2018-11-27,2019-04-15
4273401566013419141,HE-70256,VBL74487,2.45,2030724602,percent,2018-12-04,2019-04-24
2016235696465036260,HE-70256,VFI18795,6.22,112365092,fixed,2018-12-05,2019-03-18
4169018849443574684,TR-52148,VPO85214,2.62,85946228,fixed,2018-11-30,2019-02-18
7252482335590727338,TR-52148,VAU66283,5.50,1185425695,percent,2018-12-08,2019-05-05
3574200358108648678,MO-22967,VWA89601,2.59,1506019740,percent,2018-12-07,2019-02-19
6143752423553922998,MO-22967,VPL83797,1.60,667846388,percent,2018-12-07,2019-04-18
3751542375569475150,MO-22967,VIR54932,2.15,798917719,percent,2018-12-03,2019-02-12
5189040446489941720,MO-22967,VME81285,8.75,608055196,fixed,2018-12-05,2019-03-24
2199851671168626621,MO-22967,VFI21557,6.62,714851851,percent,2018-12-01,2019-02-06
6292349345819869732,MO-22967,VHA61744,2.66,1040783950,percent,2018-12-02,2019-04-03
6200728576315855292,MO-22967,VDE12850,8.36,922249755,percent,2018-12-08,2019-02-26
8671026852963642332,US-56716,VVI28688,5.53,1861758920,percent,2018-11-28,2019-03-30
7711069025354510019,US-56716,VRE55798,5.04,1296244042,percent,2018-11-27,2019-02-22
3573965974870450725,US-56716,VYO84248,1.47,244666979,fixed,2018-12-04,2019-03-13
7730502450008544265,US-56716,VTA49148,7.03,1386815780,percent,2018-12-04,2019-04-11
2813744014349305497,US-56716,VTA88528,7.65,1354541548,percent,2018-12-01,2019-03-06
5781789618353711111,US-56716,VAS32030,4.06,985596291,fixed,2018-12-06,2019-03-18
8447506264519255165,US-56716,VLI68340,4.20,1288975925,fixed,2018-12-08,2019-03-15
8841241270394488475,DE-39398,VCE64677,7.50,1992152083,percent,2018-12-03,2019-02-21
5917637522764898186,DE-39398,VMA62769,7.83,1687429762,percent,2018-12-05,2019-04-02
8131310291110030587,DE-39398,VCA35122,6.83,1223555433,fixed,2018-12-08,2019-02-25
2733032196283708686,DE-39398,VKI40599,8.50,1300800015,percent,2018-12-02,2019-02-14
2007741900870692537,DE-39398,VSC53749,5.16,580414196,percent,2018-11-30,2019-03-15
7878192682736374953,DE-39398,VPI80881,5.05,246476611,percent,2018-12-05,2019-02-22
3762436033593407146,DE-39398,VFR59099,1.84,1695451228,percent,2018-11-30,2019-04-12
1327672226041352632,DE-39398,VCH18826,8.22,700520334,fixed,2018-12-07,2019-04-02
4149833197560818897,EN-32375,V+197883,7.59,579064658,percent,2018-12-04,2019-02-20
5766393591574667789,EN-32375,VLO75340,6.05,19941027,percent,2018-12-09,2019-03-13
8923873351683844033,EN-32375,VCR22319,2.34,580312013,percent,2018-11-30,2019-04-27
7903478451848660473,FR-77608,VPO40655,5.80,123480395,percent,2018-12-05,2019-04-04
8369122622340874497,FR-77608,VCH30124,4.83,1283238079,fixed,2018-11-30,2019-04-17
3453576417421552835,FR-77608,VLE53098,8.81,2016406898,percent,2018-11-26,2019-01-30
2059091895560539790,FR-77608,VET15148,6.48,139367855,percent,2018-12-01,2019-04-11
6554273859288757186,FR-77608,VPL33701,6.91,1802374034,percent,2018-12-05,2019-03-19
8123956980734533143,FR-77608,VSU16598,7.87,788157252,fixed,2018-11-30,2019-02-14
7493343100888882530,FR-77608,VTY59606,1.56,1206864645,percent,2018-11-28,2019-03-05
3047961173188051621,FR-77608,VTY38228,3.93,1445485395,fixed,2018-12-03,2019-02-26
7108244736996903034,BA-47168,VBA90108,7.59,634986703,percent,2018-12-05,2019-02-28
193044293708997391,BA-47168,VVI19806,4.92,1878148549,fixed,2018-12-05,2019-03-27
1336050390136172027,BA-47168,VST44159,8.45,1271176587,fixed,2018-11-26,2019-03-16
4319606606169709586,BA-47168,VET24013,1.76,1733719177,fixed,2018-11-27,2019-03-13
7635211116521999956,TR-16789,VCR14860,4.31,332305935,fixed,2018-12-07,2019-03-09
2787603672285160175,TR-16789,VMA93097,6.84,1604152463,percent,2018-12-09,2019-03-31
7855141957828006628,TR-16789,VPU82606,2.94,697227769,percent,2018-12-05,2019-02-15
454162443253321573,TR-16789,VPO30067,5.63,109445684,percent,2018-12-08,2019-03-19
501041770306981048,TR-16789,VPO96722,6.74,1934346022,percent,2018-12-02,2019-02-28
3904613748029121094,TR-16789,VSU46642,3.81,1547979052,percent,2018-11-26,2019-03-04
4894716561275697353,CO-37675,VCH19481,3.60,90604615,percent,2018-12-02,2019-03-25
342168670360496508,CO-37675,VLO16098,5.66,1973638479,percent,2018-11-29,2019-04-28
3267077468273094777,CO-37675,VAU41294,8.24,1556055938,fixed,2018-11-28,2019-02-22
4000082091335839945,CO-37675,VGE85645,3.09,1253664273,percent,2018-12-08,2019-02-06
3446784984360347233,CO-37675,VSH83222,6.30,926426708,percent,2018-12-07,2019-04-11
8027531951994740151,CO-37675,VAC68771,6.21,777996782,percent,2018-12-09,2019-02-09
4443785105798578884,CO-37675,VIR25058,2.78,866856378,percent,2018-12-03,2019-02-25
850694354776870192,AM-91840,V9017057,4.67,1633246888,percent,2018-11-28,2019-03-21
6672084655146657508,AM-91840,VAS43155,6.09,1598590160,percent,2018-12-02,2019-02-17
7205854822846137389,AM-91840,VFO39782,5.28,964011278,percent,2018-11-27,2019-04-19
8160435037260837610,AM-91840,VKE33196,3.25,835433109,fixed,2018-11-27,2019-03-14
2020924273325134904,AM-91840,VSI70099,1.46,2137195542,fixed,2018-12-07,2019-04-18
2951749900841837245,AM-91840,VBI46773,7.58,736026227,percent,2018-11-28,2019-03-11
3262785057160045801,AM-91840,VFI82854,7.41,719493179,fixed,2018-12-01,2019-04-28
3952328716511004371,AM-91840,VCR57854,5.12,28894141,percent,2018-12-07,2019-03-15
6250239745156377415,DR-30900,VKI66234,7.18,916450471,fixed,2018-11-29,2019-03-31
5666252668699514350,DR-30900,VLO81260,2.33,242502584,percent,2018-12-02,2019-02-01
8721590730611646580,DR-30900,VTW27905,4.67,579973000,fixed,2018-12-02,2019-03-21
1623176027245891842,DR-30900,VVH19634,2.90,107634332,percent,2018-11-29,2019-04-23
1620805605488575974,DR-30900,VTR69413,8.49,136982138,percent,2018-11-26,2019-03-09
6466480742459387392,DR-30900,VXO83416,1.20,1609945628,percent,2018-11-30,2019-04-29
4679008445696308006,DR-30900,VIN90407,3.07,416785934,percent,2018-11-27,2019-04-23
8933273476342187002,DR-30900,VPU92106,6.29,103303675,percent,2018-12-01,2019-02-22
8993257860890602900,WH-63358,VTA70744,3.10,107084637,fixed,2018-12-03,2019-03-23
233356721229068792,WH-63358,VUG94964,1.38,779641049,percent,2018-11-30,2019-04-03
8579709681679742514,WH-63358,VAR53078,2.65,68679629,fixed,2018-11-30,2019-02-18
5850305662009603678,WH-63358,VBE60200,7.71,1492534700,percent,2018-12-08,2019-02-22
5374214323205348161,WH-63358,VPU92738,8.12,1965337100,percent,2018-12-08,2019-02-12
4518032233053751999,PR-34986,VLI76764,4.25,665838460,percent,2018-12-07,2019-03-18
6579218271643028121,PR-34986,VEC93061,3.53,1271274335,fixed,2018-11-27,2019-04-17
3332816290507232241,PR-34986,VBI30292,7.95,1694874051,percent,2018-11-29,2019-01-30
5857508708542507530,PR-34986,VSH29727,5.15,646825712,fixed,2018-12-03,2019-03-17
8775646385220329736,PR-34986,VCO77721,6.90,815956153,fixed,2018-11-26,2019-03-01
2372417882033867339,PR-34986,VKO19607,2.96,499221175,fixed,2018-12-09,2019-05-08
2018286154739054559,BA-68356,VGE46233,7.74,2010689270,percent,2018-12-04,2019-03-12
2370564030015020082,BA-68356,VTA66078,8.19,1171651417,fixed,2018-12-04,2019-04-14
2477711548102715618,KE-91010,VPO29525,2.25,840416812,percent,2018-12-08,2019-02-06
839732186094178808,PR-76138,VLO34473,1.94,515722868,percent,2018-11-29,2019-03-12
6174444760308028608,PR-76138,VCR25575,3.34,1547454661,percent,2018-12-06,2019-04-09
460636538785772688,PR-76138,VCR36449,1.80,1868705043,fixed,2018-12-06,2019-04-30
7916790192090335283,PR-76138,VMI34437,1.72,156761126,percent,2018-11-28,2019-02-16
8005765779433865480,PR-76138,VGA44629,8.51,536192542,percent,2018-12-09,2019-02-13
3223033328771955996,PR-76138,VQU86053,5.64,1352302230,percent,2018-12-06,2019-03-26
5406411706989840847,PR-76138,VBR54227,2.03,1599570241,percent,2018-12-03,2019-03-07
9163222540498748767,BU-72285,VET78325,4.15,1207716207,percent,2018-12-04,2019-03-08
6080512487226693550,BU-72285,VLO22874,2.28,1456876860,percent,2018-11-29,2019-04-22
4200250389859063660,BU-72285,VIR22329,2.80,1640942767,fixed,2018-11-27,2019-03-20
4634467292953738902,BU-72285,VSH15554,8.33,1126028133,percent,2018-12-09,2019-03-23
5432107418529313666,BU-72285,VTW73890,4.11,113431017,percent,2018-12-02,2019-03-27
8276754354548303073,BU-72285,VBA77293,5.26,260775413,percent,2018-12-04,2019-02-18
788686739760837188,BU-72285,VSC64950,3.40,1041670576,percent,2018-12-06,2019-04-22
8132714716062424743,BU-72285,VCR52951,7.59,119356226,percent,2018-11-30,2019-03-26
7622120661922575010,MU-77925,VNA46225,3.74,896196298,percent,2018-12-04,2019-04-19
1212551944827523979,MU-77925,VBL20701,6.99,1352667601,percent,2018-11-28,2019-02-24
8242497390053268324,MU-77925,VLE46470,8.69,1414682792,fixed,2018-11-28,2019-04-16
778535503589708859,RE-39750,VSE45080,6.60,1786599617,fixed,2018-12-09,2019-04-23
8883771574137473511,RE-39750,VLO50251,4.28,380344968,percent,2018-11-29,2019-03-10
405684789375687929,RE-39750,VBL23538,2.26,1232717881,percent,2018-12-02,2019-04-16
7279091933683527991,RE-39750,VKE18932,8.87,270846539,percent,2018-11-27,2019-04-09
4193946529955858675,RE-39750,VEN80844,3.56,1906152496,percent,2018-12-03,2019-03-09
7655149027577645477,FL-65516,VLI41244,4.07,114726620,percent,2018-11-26,2019-02-22
9115295601943880432,FL-65516,VBE65066,7.48,1076522543,fixed,2018-11-28,2019-04-22
2445522643810218846,FL-65516,VCH89978,1.41,1845425075,percent,2018-11-26,2019-02-14
792279280036772312,FL-65516,VIR91766,5.67,1437567146,percent,2018-11-26,2019-01-25
2478239292917564691,FL-65516,VOR99585,6.30,1718174503,percent,2018-12-06,2019-03-19
2849648094064238923,FL-65516,VWO46941,4.84,288864339,fixed,2018-12-03,2019-03-15
3197811543309820128,FL-65516,VWE32297,7.44,1068477551,fixed,2018-12-02,2019-04-01
6227022326879777946,FL-65516,VAE42863,3.11,166582998,percent,2018-12-02,2019-03-15
5168225347290806259,HA-33513,VTU76019,3.28,1201467771,percent,2018-11-26,2019-04-13
6220863384239173103,HA-33513,VCE27397,1.40,1420006213,fixed,2018-12-05,2019-02-09
1529189807712294436,HA-33513,VCO25800,1.05,1101220826,percent,2018-11-26,2019-03-28
3486083074218336979,HA-33513,VPI53851,5.05,750245564,percent,2018-11-26,2019-02-28
5440691354567520097,HA-33513,VSQ24176,7.50,1906911186,fixed,2018-12-01,2019-01-31
7034248839300044607,CO-50700,VAU98798,7.74,1675022554,percent,2018-12-03,2019-02-23
4064590514067251779,CO-50700,VMU98893,3.00,906132818,percent,2018-11-30,2019-02-13
7491041626049468260,PI-99712,VWA20793,4.29,1014579062,percent,2018-12-07,2019-03-14
5560364207380047534,PI-99712,VFA34260,6.25,2072175236,percent,2018-12-04,2019-02-28
6557609507280155839,PI-99712,VWA14110,3.08,177247157,fixed,2018-11-30,2019-02-26
1128939337780442637,PI-99712,VVE13014,3.96,1643870340,percent,2018-12-05,2019-03-22
1890200729612749518,PI-99712,VAE26835,5.49,816000367,percent,2018-11-26,2019-04-14
8801425908085810462,PI-99712,VHE57408,2.44,2034714919,fixed,2018-12-05,2019-02-11
4771855403181806531,PI-99712,VSE23351,8.11,1198352423,percent,2018-12-06,2019-04-22
384871751577644767,AS-35945,VCA77351,8.29,1076231574,fixed,2018-12-04,2019-04-12
948382984481988,AS-35945,VPO10676,7.81,86059884,percent,2018-12-06,2019-03-02
7035676590604856227,AS-35945,VBA33874,3.03,291839651,fixed,2018-11-28,2019-02-05
3336082590992989490,AS-35945,VSI47316,1.98,391872569,percent,2018-12-04,2019-03-13
489630174345416046,AS-35945,VPO32845,1.99,216670216,fixed,2018-11-27,2019-02-26
918470996717178425,AS-35945,VFO73050,5.76,472784809,percent,2018-12-03,2019-03-23
6525535081133019897,MO-61016,VCH84723,6.76,1955104410,percent,2018-12-04,2019-04-11
6156806073476153330,MO-61016,VTO73162,1.19,662424483,fixed,2018-11-28,2019-02-12
5011022257350181524,CL-72214,VDI29311,3.22,1737707675,percent,2018-12-07,2019-02-18
480359176759702741,CL-72214,VTA41935,7.73,1096697435,percent,2018-11-26,2019-01-26
316753527514885349,CL-72214,VFO45042,4.58,165576809,fixed,2018-12-05,2019-02-12
3927714797430380671,CL-72214,VLO27302,7.36,161455463,percent,2018-12-05,2019-04-18
3559623893070351474,CL-72214,VJE24402,6.34,624157318,fixed,2018-12-01,2019-04-10
5919848726277506020,CL-72214,VHA29517,5.16,1868947127,fixed,2018-12-09,2019-03-24
4897129899822118483,CA-89846,VDR12418,7.85,268028145,fixed,2018-11-27,2019-02-02
2907181891015057841,CA-89846,VWH66455,4.71,1537417635,percent,2018-12-02,2019-04-13
6691046309745619537,CA-89846,VYR60929,6.42,528042081,fixed,2018-11-28,2019-04-01
1796872212450098782,FU-52862,VEC87421,6.57,1221492422,percent,2018-12-01,2019-03-24
8236864610272666703,FU-52862,VCA43973,4.25,1763640415,percent,2018-12-07,2019-03-01
2431811314630752747,NE-71932,VAU71358,3.71,1654788297,fixed,2018-11-25,2019-03-14
3430835518143251079,NE-71932,VLO94021,6.07,1579952786,percent,2018-11-26,2019-03-12
740303412736127389,MA-31991,VVI18835,8.76,1846510568,percent,2018-12-04,2019-02-23
2851769384009895933,SL-64214,VTO62767,7.85,84243945,percent,2018-12-08,2019-02-13
2874028903532474253,SL-64214,VPU31016,5.06,1103120139,fixed,2018-11-30,2019-03-22
6733554598511116309,SL-64214,VLO19656,2.14,248654167,percent,2018-12-02,2019-03-09
7594496158575534358,BU-13318,VHO75599,2.41,1857877631,percent,2018-12-03,2019-02-23
6003082637207567989,BU-13318,VBI64103,3.52,756729827,percent,2018-11-30,2019-03-09
8217901374142291163,BU-13318,VKE44955,4.84,1900087924,fixed,2018-12-07,2019-04-03
795792714041363487,NE-69585,VOF25856,4.44,1129276372,fixed,2018-11-29,2019-03-11
5502875070444756631,NE-69585,VGL46613,1.65,1985869529,percent,2018-12-08,2019-02-27
7675788812379139071,NE-69585,VBI12217,7.26,382172806,percent,2018-12-06,2019-03-23
7227970768036759728,NE-69585,VTI91101,5.64,850175474,fixed,2018-11-26,2019-03-27
5726384299260873533,VH-74443,VPB44227,1.39,200670176,fixed,2018-11-26,2019-01-29
2402243907965789053,SE-23171,VTR52590,6.84,1765551315,percent,2018-12-02,2019-02-06
138147591063978323,SE-23171,VME17583,1.07,1727237757,percent,2018-12-02,2019-03-14
1095634652622978719,SE-23171,VBU63470,5.57,160918344,fixed,2018-11-30,2019-02-23
6490141735688981768,SE-23171,VGE27479,3.98,1369151396,percent,2018-12-09,2019-03-06
4611253269909093565,SE-23171,VNE84780,7.84,1477156809,fixed,2018-12-03,2019-02-19
8630672033193644480,SE-23171,VVE73537,6.01,1449011650,percent,2018-11-28,2019-04-25
8098810607823773849,MI-95224,VHO91534,3.50,1356112034,percent,2018-12-08,2019-04-01
2226437830750487027,MI-95224,VAU99367,4.93,1205063056,percent,2018-12-07,2019-02-21
6741249059499480705,MI-95224,VBE51593,4.72,1254435759,percent,2018-12-05,2019-02-09
55123822787829751,MI-95224,VPI43855,2.40,233360005,fixed,2018-11-27,2019-04-19
4384713194556414171,PR-58955,VPH60513,1.39,323506060,fixed,2018-12-06,2019-02-27
4053802195398827934,PR-58955,VNE53196,4.41,935391942,fixed,2018-12-03,2019-02-23
1126272326060216395,PR-58955,VRA84098,2.87,1730910090,fixed,2018-12-02,2019-02-20
5449101960758545642,PR-58568,VLO13291,3.48,1288655682,percent,2018-11-28,2019-02-14
8706909856993307306,PR-58568,VCH36978,8.27,934647123,percent,2018-11-28,2019-03-26
2744459387490420546,TE-74131,VCH35480,1.11,513522158,percent,2018-12-07,2019-02-13
3448490554772004185,TE-74131,VLO88589,5.22,1865625221,fixed,2018-12-01,2019-02-05
4561828181727894081,DY-23057,VVI81364,1.74,400588248,percent,2018-11-28,2019-03-12
8938049128793146648,DY-23057,VMA41636,6.61,1867260034,fixed,2018-12-05,2019-03-15
785546274112594527,DY-23057,VLO70591,7.16,1011759747,percent,2018-11-30,2019-04-19
4977311071021869525,DY-23057,VSE18624,8.57,1657594050,percent,2018-12-08,2019-02-11
4607477450827622566,DY-23057,VBR40077,8.18,1700418267,percent,2018-12-05,2019-02-04
362172987552832633,DY-23057,VMU94594,3.88,1104092871,fixed,2018-12-09,2019-04-26
5308176553358553840,DY-23057,VXO39377,1.26,230480147,percent,2018-12-09,2019-03-04
2404815352740613258,DY-23057,VSC42163,5.92,1637924352,percent,2018-12-04,2019-04-07
5256500500339869445,MO-65664,VFA39588,8.08,1034705859,percent,2018-12-02,2019-04-25
9075397924461811000,MO-65664,VTO19841,2.47,966520177,percent,2018-11-26,2019-04-14
3581416177145215527,RA-49871,VFA84427,3.08,1670603394,fixed,2018-12-03,2019-02-10
2046992634467458885,RA-49871,VCL42192,5.92,1955181532,percent,2018-12-05,2019-03-26
1433421255040137166,RA-49871,VYO52034,1.09,784761183,percent,2018-12-03,2019-03-10
5688820411952248956,CO-77615,VPO59897,6.17,626874487,fixed,2018-12-08,2019-05-01
3878898062456466358,CO-77615,VPU22058,5.18,31169706,percent,2018-11-30,2019-03-04
8763798204278133181,CO-77615,VUM16309,2.65,899948953,percent,2018-12-08,2019-02-16
5197518231722281197,CO-77615,VEC82705,2.38,1399274259,percent,2018-11-29,2019-02-19
189653159764278619,CO-77615,VOF57753,5.66,1887187268,percent,2018-11-28,2019-03-22
1988185918031511695,CO-77615,VWI57010,3.23,1883787022,fixed,2018-11-27,2019-03-24
5317799319083119190,CO-77615,VSW19552,5.64,1294319029,percent,2018-11-28,2019-02-28
1435648368778370238,PR-95041,VBA61843,5.22,1469349803,percent,2018-12-03,2019-02-27
6406087108896722608,PR-95041,VSC76574,2.73,1000609155,fixed,2018-11-30,2019-04-22
3806938747832153680,ZE-63716,VME52496,7.25,1569750844,percent,2018-11-29,2019-03-16
3221772803224348512,ZE-63716,VBU49376,3.00,1534882883,percent,2018-12-03,2019-03-13
2223222195757567148,ZE-63716,VBR40278,6.65,1295506753,fixed,2018-12-09,2019-05-04
5555161373927704403,ZE-63716,VKA93333,7.08,1863154621,percent,2018-11-27,2019-02-20
7568484461031590216,PO-48872,VCR65669,1.76,991268229,percent,2018-11-27,2019-03-13
214213694819824890,PO-48872,VSA78727,1.36,1361897019,percent,2018-12-02,2019-03-02
5631280630254996894,PO-48872,VFI10110,7.45,1321376048,percent,2018-12-02,2019-03-04
2533542333559158806,GL-89177,VNO49533,6.60,1158064050,fixed,2018-12-03,2019-03-20
4001380677038694546,GL-89177,VEC68155,3.98,1403801349,percent,2018-12-07,2019-04-02
6149995323443730636,GL-89177,VPH27053,3.24,1358939812,percent,2018-12-08,2019-05-05
6972045565988297918,MI-24123,VME79607,7.77,164247352,percent,2018-12-09,2019-04-30
4023456697817583437,MI-24123,VME43601,3.90,1051968956,percent,2018-12-08,2019-05-03
8814261144943911800,MI-24123,VSI29821,7.98,1012826400,percent,2018-11-26,2019-02-13
6009416454126031418,MI-24123,VLO47163,4.35,1075007311,percent,2018-11-29,2019-03-25
447717600613234468,MI-24123,VPL42608,4.55,372392706,fixed,2018-12-03,2019-02-11
1835685521885863107,MI-24123,VFA94938,8.48,1020549570,percent,2018-12-09,2019-04-21
6347129121913552067,MI-24123,VIP44735,2.68,1467918436,percent,2018-12-05,2019-04-13
5012391411392078700,MI-24123,VFR59627,4.93,2037491954,percent,2018-12-02,2019-04-27
496658816935812285,SE-14801,VHO54068,1.48,528345429,percent,2018-12-06,2019-02-18
8855514016959109195,SE-14801,VUG41318,1.86,1385726434,percent,2018-12-05,2019-02-17
2846186377069403597,SE-14801,VFL76853,6.97,1810951063,fixed,2018-12-01,2019-03-22
8221163629728045019,SE-14801,VCR66191,5.38,1917178839,percent,2018-12-09,2019-04-23
7171428356270628486,SE-14801,VHA61413,4.91,1609984416,fixed,2018-12-01,2019-02-24
2832636721521088445,SE-14801,VET41992,4.21,715014227,percent,2018-12-07,2019-02-19
8476274745841611369,SE-14801,VSQ92958,1.51,1106120652,percent,2018-11-30,2019-03-05
8268681971877615093,SE-14801,VRO67680,7.57,536472624,percent,2018-12-08,2019-04-07
5412400529932069448,MI-63410,VMU78432,6.67,643128964,percent,2018-11-29,2019-02-14
2559217984543709340,MI-63410,VFA48867,3.78,173648754,percent,2018-12-09,2019-04-21
748494711745776957,MI-63410,VTA93301,8.84,877821046,percent,2018-12-07,2019-04-24
182503857278084616,MI-63410,VLO88455,5.30,372310878,percent,2018-11-27,2019-02-14
1280533988687117925,MI-63410,VDE22680,7.33,883407432,percent,2018-11-28,2019-02-25
318371059407103434,MO-25623,VBE59216,5.72,1702806255,percent,2018-12-03,2019-02-11
8021265089681633579,MO-25623,VMI14454,6.71,1615915330,fixed,2018-11-29,2019-04-21
3703571984208646691,AL-73411,VCO49192,2.10,1104728739,percent,2018-12-05,2019-02-19
7019604158675071698,AL-73411,VTR12075,1.06,50900696,fixed,2018-12-09,2019-04-18
8791068326741393368,AL-73411,VPO51748,3.21,94028047,percent,2018-12-04,2019-04-19
2100092136188024415,AL-73411,VNA97867,2.96,1764087980,fixed,2018-11-30,2019-04-03
1956188872790647562,AL-73411,VVI87641,5.53,1680814456,percent,2018-12-07,2019-04-24
924996088669037169,MA-29526,VIP39146,7.95,839429179,percent,2018-12-06,2019-02-13
2360238265862400320,MA-29526,VSM68001,2.52,1492744843,fixed,2018-12-02,2019-04-19
4882056428139296395,MA-29526,VPO74243,6.79,687185835,fixed,2018-12-03,2019-04-23
8871284888452355907,MA-29526,VCH68063,5.72,409551486,fixed,2018-12-06,2019-03-25
5909808011640595219,MA-29526,VBI35362,8.56,552262363,percent,2018-11-27,2019-03-20
8451928868663091016,MA-29526,VSE53438,7.80,1183674974,percent,2018-12-09,2019-03-03
6990587728944656830,MA-29526,VCO75822,7.35,1047801783,fixed,2018-11-30,2019-03-03
8293439005940837527,BU-65420,V9032569,5.23,890645886,percent,2018-12-03,2019-03-17
9050268667249801582,BU-65420,VME86218,7.29,1860528472,percent,2018-11-28,2019-01-30
5026224205909928524,MI-18697,VGO21959,4.01,1317151755,percent,2018-12-01,2019-02-02
776074942558912838,MI-18697,VMA21207,5.98,90920660,percent,2018-12-03,2019-04-28
7959087994355475668,MI-18697,VCH16240,7.83,38546918,percent,2018-12-02,2019-05-01
7160999915376849093,CO-33721,VPO83184,6.57,21412225,percent,2018-12-03,2019-04-30
3223598336450000837,CO-33721,VVI60623,4.40,1006182179,fixed,2018-12-05,2019-03-31
852681203039495490,CO-33721,VHO55520,1.29,962921551,fixed,2018-12-03,2019-02-20
7606309529338732383,CO-33721,VOC70298,3.12,1498335309,fixed,2018-12-07,2019-03-06
5491425097360403483,CO-33721,VFA51927,3.32,388290706,percent,2018-11-28,2019-04-17
8157552292155052267,CO-33721,VYO53154,2.24,2111247006,percent,2018-11-29,2019-03-25
9058796573555178015,CO-33721,VLO36578,3.23,815844732,percent,2018-11-30,2019-02-28
2415742831017774844,IN-82574,VDI33231,2.13,262765263,percent,2018-11-30,2019-03-20
8560231383265931050,IN-82574,VCH28052,7.15,1128810960,percent,2018-11-27,2019-02-20
221799902126261580,SW-17533,VME22490,2.04,216186478,percent,2018-12-02,2019-04-08
2172827048440534815,SW-17533,VSC13968,1.54,2139559487,percent,2018-12-06,2019-03-06
3416347227499932356,SW-17533,VRE82766,8.62,2131936524,percent,2018-11-30,2019-04-08
3474952962985065117,SW-17533,VMI25478,7.62,245959099,percent,2018-12-03,2019-02-24
8490636883018313586,CH-12993,VLU32051,8.28,1422551036,percent,2018-12-09,2019-04-02
144381487096298248,CH-12993,VKO11237,7.22,1657152221,percent,2018-12-07,2019-04-17
5357647232564734436,CH-12993,VMA78199,7.24,2099590200,percent,2018-12-03,2019-03-11
4849193094778039925,RA-98906,VAR14169,5.02,928232898,percent,2018-11-29,2019-02-09
7162874369594403123,RA-98906,VPA12357,8.99,1368474041,percent,2018-11-26,2019-03-11
6219276856010787879,RA-98906,VKI17393,4.51,657451458,percent,2018-12-02,2019-01-31
3392466877076704423,RA-98906,VTA15048,5.80,56180529,percent,2018-12-05,2019-03-13
688163685937465987,RA-98906,VWA18034,4.90,110240959,fixed,2018-11-28,2019-02-21
8057600351580379302,RA-98906,VFI74146,2.35,659542398,percent,2018-11-27,2019-03-13
1952638755869466235,RA-98906,VDI29929,7.47,1058948631,percent,2018-12-09,2019-03-10
6938353943012300346,RA-98906,VKE39361,7.96,56441337,percent,2018-11-25,2019-04-24
9207486399114319602,GL-57895,VBL73543,4.60,1925841511,percent,2018-11-30,2019-04-27
8033790533143632343,GL-57895,VCR23850,6.23,1323220546,percent,2018-11-27,2019-04-26
5779948660430620286,GL-57895,VPO40815,6.90,1240237199,percent,2018-12-06,2019-04-09
6217757572229193722,ST-94380,VSR25520,2.49,405900988,fixed,2018-12-02,2019-04-07
564377566104483341,ST-94380,VOC96093,4.91,706975216,percent,2018-12-05,2019-04-28
3984414191281119685,ST-94380,VYO15752,6.68,1811186288,percent,2018-12-07,2019-03-31
4825388658352458577,ST-94380,VAS34254,5.11,993340778,percent,2018-11-26,2019-04-14
8998266835831166606,ST-94380,VTA35089,6.59,355713141,percent,2018-12-01,2019-03-20
5258281646597173418,ST-94380,VBR17201,7.48,708062658,fixed,2018-12-03,2019-03-23
3690321576769605127,VH-38702,VPI59125,3.24,272281128,fixed,2018-11-28,2019-03-29
7919527355415141365,VH-38702,VAS97330,7.07,12159260,percent,2018-12-01,2019-02-13
5138115225567795519,VH-38702,VTA35536,2.75,1110518789,fixed,2018-11-26,2019-02-04
2135283660831201230,VH-38702,VPO34319,7.94,278858611,percent,2018-12-01,2019-03-12
4662094602154565076,VH-38702,VFI93795,3.14,755228877,percent,2018-12-09,2019-05-07
983735453354018874,VH-38702,VME17460,3.10,1649979083,percent,2018-11-29,2019-02-07
2648404372890273094,VH-38702,VCA75640,5.78,908830196,percent,2018-12-09,2019-04-07
5688544742718854379,FE-35599,VCE23048,8.06,218451465,fixed,2018-12-02,2019-03-03
400153873427332482,FE-35599,VBE30714,6.93,1509535515,percent,2018-12-02,2019-03-29
1618767653930522542,AP-34345,VEN37764,3.25,23812853,fixed,2018-12-08,2019-03-22
8925964288181674790,PI-27537,VPO72031,3.23,594050088,fixed,2018-12-08,2019-03-20
6789375494503864637,AP-44872,VWI21878,6.84,1454440266,percent,2018-12-06,2019-02-26
7193802864954497270,AP-44872,VCH22836,4.81,78231455,percent,2018-11-29,2019-03-05
7067919691128814259,PO-37449,VCR26185,7.41,1082153402,fixed,2018-12-08,2019-03-14
7463889380460367540,PO-37449,VFL38791,2.48,497637442,fixed,2018-12-05,2019-03-06
1693613520126828765,PO-37449,VFI16412,1.52,37870875,percent,2018-12-06,2019-03-05
3235554664450152272,PO-37449,VTA85988,3.15,1614282213,percent,2018-12-01,2019-02-04
5976494805258909140,CA-46439,VNO54398,1.79,2111281376,percent,2018-12-09,2019-03-21
1337516809034154248,CA-46439,VPI44236,6.63,1600110655,fixed,2018-12-02,2019-04-10
5097649795759739676,CA-46439,VPH19882,6.18,1183025011,percent,2018-11-29,2019-02-26
5043192722452990462,CA-46439,VSW93017,5.77,1254755204,percent,2018-12-02,2019-04-14
8951493615070796577,CA-46439,VRE45541,1.91,801787081,percent,2018-11-28,2019-02-05
1997646143747077472,CA-46439,VSE93523,4.51,722244251,percent,2018-12-07,2019-05-06
2900803727178241052,IN-36287,V8-82741,1.75,1870389766,percent,2018-12-02,2019-04-08
2166441633085766137,IN-36287,VET22590,3.78,735794039,fixed,2018-11-28,2019-02-14
8410341203735466485,IN-36287,VGO98659,3.55,1385726598,fixed,2018-11-28,2019-04-11
385551234080320218,IN-36287,VGR70171,1.61,1855125480,fixed,2018-12-04,2019-04-19
3250364111318720964,MU-30375,VME84446,8.53,1598112607,percent,2018-11-26,2019-03-03
2209476568317537179,PR-31429,VSM63294,2.51,39484407,percent,2018-12-01,2019-02-14
671161939130583241,PR-31429,VSY65049,1.54,883946573,fixed,2018-12-08,2019-04-19
8623687011717285528,PR-31429,VMU67479,8.91,1661345667,percent,2018-12-02,2019-04-13
7678193785422586583,ST-93480,VST85042,6.47,1783174855,percent,2018-11-30,2019-02-12
636223366836597572,PR-66843,VSK94138,3.78,1789736558,percent,2018-12-05,2019-04-16
6648108639071955328,PR-66843,VWO64938,5.60,519411869,fixed,2018-12-04,2019-02-28
3643862671265726802,PI-52478,VSM90104,6.94,1349435755,percent,2018-11-26,2019-03-27
2916019695641637069,SY-87037,VSC82345,2.92,601505992,percent,2018-12-01,2019-04-25
5180371921896754632,SY-87037,VCR16400,1.59,612410654,fixed,2018-12-05,2019-03-26
8650133001526184115,SY-87037,VPO75309,2.73,1911762662,percent,2018-12-03,2019-02-06
7603582824406240165,SY-87037,VAR83173,1.61,2030929993,percent,2018-12-03,2019-03-27
6388990350262834036,SY-87037,VPO66960,1.59,1976290282,percent,2018-12-09,2019-02-24
4437267155457750709,SY-87037,VDI62340,8.33,625711244,percent,2018-11-30,2019-02-19
52036260137525483,SY-87037,VYO67135,2.63,764701101,percent,2018-12-05,2019-04-07
4077545050512600564,SY-87037,VSH33916,2.33,386625880,percent,2018-12-01,2019-02-18
1983981088738121949,PR-66256,VDI77493,8.97,1698158817,fixed,2018-12-08,2019-03-21
5513440226102756018,PR-66256,VML76257,5.90,267412404,fixed,2018-12-08,2019-02-24
21366310826114305,PR-66256,VTA75478,5.43,1784036833,percent,2018-12-09,2019-04-06
6858240781559086058,PR-66256,VSH73229,6.20,225305760,percent,2018-12-03,2019-02-23
1668072507290820991,PR-66256,VSC96859,7.97,2055175369,percent,2018-11-30,2019-03-24
